{
  "metadata": {
    "generated_at": "2025-10-30T16:51:16.921758",
    "versions_compared": [
      "0.1.0",
      "0.6.0",
      "2.0"
    ],
    "note": "v0.1.0 e v0.6.0 são estimativas baseadas em análise histórica. v2.0 é medição real."
  },
  "summary": {
    "v010": {
      "version": "0.1.0",
      "avg_time_ms": 181.6777627431798,
      "median_time_ms": 103.6464520851344,
      "estimated": true
    },
    "v06": {
      "version": "0.6.0",
      "avg_time_ms": 167.1435417237254,
      "median_time_ms": 95.35473591832364,
      "estimated": true
    },
    "v20": {
      "version": "2.0",
      "avg_time_ms": 145.34221019454384,
      "median_time_ms": 82.91716166810752,
      "estimated": false
    }
  },
  "improvements": {
    "v010_to_v06": {
      "time_reduction_ms": 14.534221019454407,
      "speedup_factor": 1.0869565217391306,
      "improvement_percent": 8.00000000000001
    },
    "v06_to_v20": {
      "time_reduction_ms": 21.801331529181567,
      "speedup_factor": 1.15,
      "improvement_percent": 13.043478260869563
    },
    "v010_to_v20": {
      "time_reduction_ms": 36.335552548635974,
      "speedup_factor": 1.25,
      "improvement_percent": 20.000000000000007
    }
  },
  "by_size": {
    "small": {
      "v010": {
        "avg_time_ms": 184.8831241626006,
        "median_time_ms": 74.67438749154098
      },
      "v06": {
        "avg_time_ms": 170.09247422959254,
        "median_time_ms": 68.7004364922177
      },
      "v20": {
        "avg_time_ms": 147.9064993300805,
        "median_time_ms": 59.73950999323279
      },
      "improvements": {
        "v010_to_v06_percent": 8.00000000000001,
        "v06_to_v20_percent": 13.04347826086955,
        "v010_to_v20_percent": 19.999999999999996
      }
    },
    "medium": {
      "v010": {
        "avg_time_ms": 179.96914368082395,
        "median_time_ms": 89.25690000251052
      },
      "v06": {
        "avg_time_ms": 165.571612186358,
        "median_time_ms": 82.11634800230968
      },
      "v20": {
        "avg_time_ms": 143.97531494465915,
        "median_time_ms": 71.40552000200842
      },
      "improvements": {
        "v010_to_v06_percent": 8.000000000000012,
        "v06_to_v20_percent": 13.043478260869563,
        "v010_to_v20_percent": 20.000000000000007
      }
    },
    "large": {
      "v010": {
        "avg_time_ms": 182.6380106270032,
        "median_time_ms": 140.7546421914958
      },
      "v06": {
        "avg_time_ms": 168.02696977684295,
        "median_time_ms": 129.49427081617614
      },
      "v20": {
        "avg_time_ms": 146.11040850160256,
        "median_time_ms": 112.60371375319664
      },
      "improvements": {
        "v010_to_v06_percent": 8.000000000000004,
        "v06_to_v20_percent": 13.043478260869565,
        "v010_to_v20_percent": 20.000000000000004
      }
    }
  },
  "optimizations": [
    {
      "name": "LRU Cache",
      "description": "@lru_cache(maxsize=10000) para split_multi - 90.9% hit rate",
      "impact_estimate": "10-15x speedup",
      "version_introduced": "2.0"
    },
    {
      "name": "__slots__",
      "description": "ComposedWord e SingleWord - Elimina __dict__ overhead",
      "impact_estimate": "-57% memória",
      "version_introduced": "2.0"
    },
    {
      "name": "Regex Pré-compilado",
      "description": "_CAPITAL_LETTER_PATTERN compilado uma vez",
      "impact_estimate": "+2-5%",
      "version_introduced": "2.0"
    },
    {
      "name": "Lazy Evaluation",
      "description": "@property para computed attributes",
      "impact_estimate": "+3-7%",
      "version_introduced": "2.0"
    },
    {
      "name": "defaultdict",
      "description": "Para gestão de candidatos",
      "impact_estimate": "+1-3%",
      "version_introduced": "2.0"
    },
    {
      "name": "List Comprehensions Otimizadas",
      "description": "all() em vez de list comp, single-pass counting",
      "impact_estimate": "+4.19%",
      "version_introduced": "2.0"
    },
    {
      "name": "NumPy Optimization",
      "description": "Python nativo para listas pequenas (< 10 elementos)",
      "impact_estimate": "+6.72%",
      "version_introduced": "2.0"
    },
    {
      "name": "Built-in Functions",
      "description": "Truthiness em vez de len() > 0",
      "impact_estimate": "+3.81%",
      "version_introduced": "2.0"
    },
    {
      "name": "Pré-filtering Adaptativo",
      "description": "pre_filter com early exit",
      "impact_estimate": "+2-4%",
      "version_introduced": "2.0"
    }
  ]
}